{
	"pattrstorage" : 	{
		"name" : "Main",
		"slots" : 		{
			"1" : 			{
				"id" : 1,
				"name" : "demo",
				"data" : 				{
					"Disto" : [ 0.787402 ],
					"Grain" : [ 0.433071 ],
					"MIDI_Learn_InDeviceMenu" : [ 0 ],
					"MIDI_Learn_InDeviceMenu[1]" : [ 0 ],
					"Switch" : [ 1 ],
					"Sync" : [ -1 ],
					"Synth" : [ 1 ],
					"Tempo" : [ 132.0 ],
					"live.gain~" : [ -9.88551 ],
					"RSH.MIDI.Wrap.GM::Bend" : [ 64.0 ],
					"RSH.MIDI.Wrap.GM::Channel" : [ 1.0 ],
					"RSH.MIDI.Wrap.GM::ContollerVal" : [ 64.0 ],
					"RSH.MIDI.Wrap.GM::ControllerNo" : [ 10 ],
					"RSH.MIDI.Wrap.GM::Program" : [ 1 ],
					"RSH.MIDI.Wrap.GM::Reset" : [ -1 ],
					"RSH.Looper::Division" : [ 3.0 ],
					"RSH.Looper::Enable" : [ 1 ],
					"RSH.Looper::Note" : [ 61, 64 ],
					"RSH.Looper::Steps" : [ 5.0 ],
					"RSH.Looper::Velocities" : [ 0, 14, 0, 0, 0, 0, 0, 0, 0, 0, 0, 0, 0, 0, 0, 0, 0, 0, 0, 0, 0, 0, 0, 0, 0, 0, 0, 0, 0, 0, 0, 0 ],
					"RSH.MIDI.Wrap.GM[1]::Bend" : [ 64.0 ],
					"RSH.MIDI.Wrap.GM[1]::Channel" : [ 2.0 ],
					"RSH.MIDI.Wrap.GM[1]::ContollerVal" : [ 64.0 ],
					"RSH.MIDI.Wrap.GM[1]::ControllerNo" : [ 10 ],
					"RSH.MIDI.Wrap.GM[1]::Program" : [ 5 ],
					"RSH.MIDI.Wrap.GM[1]::Reset" : [ -1 ],
					"RSH.Looper[1]::Division" : [ 4.0 ],
					"RSH.Looper[1]::Enable" : [ 1 ],
					"RSH.Looper[1]::Note" : [ 54, 64 ],
					"RSH.Looper[1]::Steps" : [ 6.0 ],
					"RSH.Looper[1]::Velocities" : [ 13, 5, 11, 21, 7, 0, 0, 0, 0, 0, 0, 0, 0, 0, 0, 0, 0, 0, 0, 0, 0, 0, 0, 0, 0, 0, 0, 0, 0, 0, 0, 0 ],
					"RSH.MIDI.Wrap.GM[2]::Bend" : [ 64.0 ],
					"RSH.MIDI.Wrap.GM[2]::Channel" : [ 3.0 ],
					"RSH.MIDI.Wrap.GM[2]::ContollerVal" : [ 64.0 ],
					"RSH.MIDI.Wrap.GM[2]::ControllerNo" : [ 10 ],
					"RSH.MIDI.Wrap.GM[2]::Program" : [ 12 ],
					"RSH.MIDI.Wrap.GM[2]::Reset" : [ -1 ],
					"RSH.Looper[2]::Division" : [ 2.0 ],
					"RSH.Looper[2]::Enable" : [ 1 ],
					"RSH.Looper[2]::Note" : [ 69, 64 ],
					"RSH.Looper[2]::Steps" : [ 8.0 ],
					"RSH.Looper[2]::Velocities" : [ 0, 20, 16, 0, 0, 0, 0, 0, 0, 0, 0, 0, 0, 0, 0, 0, 0, 0, 0, 0, 0, 0, 0, 0, 0, 0, 0, 0, 0, 0, 0, 0 ],
					"RSH.MIDI.Wrap.GM[3]::Bend" : [ 64.0 ],
					"RSH.MIDI.Wrap.GM[3]::Channel" : [ 4.0 ],
					"RSH.MIDI.Wrap.GM[3]::ContollerVal" : [ 64.0 ],
					"RSH.MIDI.Wrap.GM[3]::ControllerNo" : [ 10 ],
					"RSH.MIDI.Wrap.GM[3]::Program" : [ 51 ],
					"RSH.MIDI.Wrap.GM[3]::Reset" : [ -1 ],
					"RSH.Looper[3]::Division" : [ 4.0 ],
					"RSH.Looper[3]::Enable" : [ 1 ],
					"RSH.Looper[3]::Note" : [ 76, 64 ],
					"RSH.Looper[3]::Steps" : [ 5.0 ],
					"RSH.Looper[3]::Velocities" : [ 0, 6, 0, 18, 0, 21, 0, 0, 0, 0, 0, 0, 0, 0, 0, 0, 0, 0, 0, 0, 0, 0, 0, 0, 0, 0, 0, 0, 0, 0, 0, 0 ],
					"RSH.Looper[4]::Division" : [ 4.0 ],
					"RSH.Looper[4]::Enable" : [ 1 ],
					"RSH.Looper[4]::Steps" : [ 8.0 ],
					"RSH.Looper[4]::Velocities" : [ 132, 64, 152, 68, 152, 158, 30, 142, 30, 30, 30, 30, 30, 30, 30, 30, 30, 30, 30, 30, 30, 30, 30, 30, 30, 30, 30, 30, 30, 30, 30, 30 ]
				}

			}
,
			"2" : 			{
				"id" : 2,
				"name" : "perc",
				"data" : 				{
					"Disto" : [ 0.787402 ],
					"Grain" : [ 0.433071 ],
					"MIDI_Learn_InDeviceMenu" : [ 0 ],
					"MIDI_Learn_InDeviceMenu[1]" : [ 0 ],
					"Switch" : [ 1 ],
					"Sync" : [ -1 ],
					"Synth" : [ 1 ],
					"Tempo" : [ 86.0 ],
					"live.gain~" : [ -9.88551 ],
					"RSH.MIDI.Wrap.GM::Bend" : [ 64.0 ],
					"RSH.MIDI.Wrap.GM::Channel" : [ 10.0 ],
					"RSH.MIDI.Wrap.GM::ContollerVal" : [ 64.0 ],
					"RSH.MIDI.Wrap.GM::ControllerNo" : [ 10 ],
					"RSH.MIDI.Wrap.GM::Program" : [ 0 ],
					"RSH.MIDI.Wrap.GM::Reset" : [ -1 ],
					"RSH.Looper::Division" : [ 3.0 ],
					"RSH.Looper::Enable" : [ 1 ],
					"RSH.Looper::Note" : [ 71, 64 ],
					"RSH.Looper::Steps" : [ 5.0 ],
					"RSH.Looper::Velocities" : [ 30, 0, 0, 21, 0, 0, 0, 0, 0, 0, 0, 0, 0, 0, 0, 0, 0, 0, 0, 0, 0, 0, 0, 0, 0, 0, 0, 0, 0, 0, 0, 0 ],
					"RSH.MIDI.Wrap.GM[1]::Bend" : [ 64.0 ],
					"RSH.MIDI.Wrap.GM[1]::Channel" : [ 10.0 ],
					"RSH.MIDI.Wrap.GM[1]::ContollerVal" : [ 64.0 ],
					"RSH.MIDI.Wrap.GM[1]::ControllerNo" : [ 10 ],
					"RSH.MIDI.Wrap.GM[1]::Program" : [ 5 ],
					"RSH.MIDI.Wrap.GM[1]::Reset" : [ -1 ],
					"RSH.Looper[1]::Division" : [ 4.0 ],
					"RSH.Looper[1]::Enable" : [ 1 ],
					"RSH.Looper[1]::Note" : [ 51, 64 ],
					"RSH.Looper[1]::Steps" : [ 8.0 ],
					"RSH.Looper[1]::Velocities" : [ 10, 18, 12, 70, 0, 12, 12, 58, 0, 0, 0, 0, 0, 0, 0, 0, 0, 0, 0, 0, 0, 0, 0, 0, 0, 0, 0, 0, 0, 0, 0, 0 ],
					"RSH.MIDI.Wrap.GM[2]::Bend" : [ 64.0 ],
					"RSH.MIDI.Wrap.GM[2]::Channel" : [ 10.0 ],
					"RSH.MIDI.Wrap.GM[2]::ContollerVal" : [ 64.0 ],
					"RSH.MIDI.Wrap.GM[2]::ControllerNo" : [ 10 ],
					"RSH.MIDI.Wrap.GM[2]::Program" : [ 12 ],
					"RSH.MIDI.Wrap.GM[2]::Reset" : [ -1 ],
					"RSH.Looper[2]::Division" : [ 2.0 ],
					"RSH.Looper[2]::Enable" : [ 1 ],
					"RSH.Looper[2]::Note" : [ 61, 64 ],
					"RSH.Looper[2]::Steps" : [ 8.0 ],
					"RSH.Looper[2]::Velocities" : [ 27, 14, 0, 0, 27, 0, 30, 0, 0, 0, 0, 0, 0, 0, 0, 0, 0, 0, 0, 0, 0, 0, 0, 0, 0, 0, 0, 0, 0, 0, 0, 0 ],
					"RSH.MIDI.Wrap.GM[3]::Bend" : [ 64.0 ],
					"RSH.MIDI.Wrap.GM[3]::Channel" : [ 10.0 ],
					"RSH.MIDI.Wrap.GM[3]::ContollerVal" : [ 64.0 ],
					"RSH.MIDI.Wrap.GM[3]::ControllerNo" : [ 10 ],
					"RSH.MIDI.Wrap.GM[3]::Program" : [ 51 ],
					"RSH.MIDI.Wrap.GM[3]::Reset" : [ -1 ],
					"RSH.Looper[3]::Division" : [ 4.0 ],
					"RSH.Looper[3]::Enable" : [ 1 ],
					"RSH.Looper[3]::Note" : [ 68, 64 ],
					"RSH.Looper[3]::Steps" : [ 16.0 ],
					"RSH.Looper[3]::Velocities" : [ 23, 17, 0, 0, 107, 0, 0, 0, 0, 43, 55, 0, 0, 27, 0, 0, 0, 0, 0, 0, 0, 0, 0, 0, 0, 0, 0, 0, 0, 0, 0, 0 ],
					"RSH.Looper[4]::Division" : [ 3.0 ],
					"RSH.Looper[4]::Enable" : [ 1 ],
					"RSH.Looper[4]::Steps" : [ 8.0 ],
					"RSH.Looper[4]::Velocities" : [ 72, 64, 152, 144, 152, 86, 64, 156, 30, 30, 30, 30, 30, 30, 30, 30, 30, 30, 30, 30, 30, 30, 30, 30, 30, 30, 30, 30, 30, 30, 30, 30 ]
				}

			}

		}

	}

}
